"Article URL","Claim or Passage Tested","Primary Regulatory Source","Precise Statutory / Official Reference","Verdict","Correction / Editorial Recommendation"
"https://www.corplawupdates.in/updates/rbi-repo-rate-hike-5-50-percent-october-2026","RBI MPC increased policy repo rate by 25 bps to 5.50% effective 7 October 2026; SDF adjusted to 5.25%, MSF adjusted to 5.75%; 63rd MPC meeting under Governor Sanjay Malhotra.","Reserve Bank of India (RBI)","Monetary Policy Statement 2026-27 / Resolution of the MPC (October 5-7, 2026), Press Release PRID 63742","CONFIRMED ACCURATE (100% Verified against primary RBI source)","Statutory facts completely accurate. Migrate inline raw HTML table styling to semantic markdown."
"https://www.corplawupdates.in/updates/sebi-isin-limit-private-placement-debt-17","SEBI increased the maximum number of ISINs for debt securities issued on a private placement basis to 17 per financial year.","Securities and Exchange Board of India (SEBI)","SEBI Circular SEBI/HO/DDHS/DDHS-PoD-1/P/CIR/2026/105076 dated October 2026","CONFIRMED ACCURATE (100% Verified against official SEBI portal)","Accurate. Add persistent schema @id for the publisher organization in JSON-LD."
"https://www.corplawupdates.in/updates/sebi-credit-risk-o-meter-debt-securities-october-2026","Introduction of Credit Risk-o-Meter for debt securities with colour coding, risk tier disclosures, and Online Bond Platform Provider (OBPP) integration.","Securities and Exchange Board of India (SEBI)","SEBI Circular circulars/oct-2026/105081 dated October 2026","CONFIRMED ACCURATE (100% Verified against official SEBI circular)","Accurate. Ensure all SVG chart icons have accessible text alternatives."
"https://www.corplawupdates.in/updates/sebi-merchant-banker-exemption-private-placement-debt-2026","SEBI grants exemption from mandatory merchant banker appointment for debt issued through private placement by certain listed issuers subject to five conditions and AA- rating.","Securities and Exchange Board of India (SEBI)","SEBI Circular circulars/oct-2026/105080 dated October 2026","CONFIRMED ACCURATE (100% Verified against official SEBI circular)","Accurate. Provide downloadable template checklist for eligible issuers."
"https://www.corplawupdates.in/updates/mca-ccfs-2026-extension-15-september-2026","MCA introduced Companies Compliance Facilitation Scheme 2026 (CCFS 2026) granting 90% fee waiver for overdue annual filings.","Ministry of Corporate Affairs (MCA)","MCA General Circular No. 04/2026 & CCFS 2026 Scheme Rules","CONFIRMED ACCURATE (Verified)","Historical extension verified. Add banner noting scheme conclusion date once ended to avoid confusion."
"https://www.corplawupdates.in/updates/epfo-wage-ceiling-rs-25000-cabinet-approval-2026","Union Cabinet approved proposal to raise EPFO mandatory wage ceiling from ₹15,000 to ₹25,000 per month.","Press Information Bureau (PIB) / Ministry of Labour & Employment","PIB Cabinet Decisions Press Release & EPFO Notification","CONFIRMED ACCURATE (Verified)","Correct HTML list structure flagged by WCAG validator (fix invalid nested ol/ul tags)."
"https://www.corplawupdates.in/updates/epfo-vishwas-2026-pf-damages-settlement-scheme","EPFO Vishwas Scheme 2026 provides one-time settlement window for accumulated PF damages and interest under Sections 14B and 7Q of EPF & MP Act 1952.","Employees Provident Fund Organisation (EPFO)","EPFO Head Office Circular / Gazette Notification 2026","CONFIRMED ACCURATE (Verified)","Accurate. Cross-link to PF damages calculator tool."
"https://www.corplawupdates.in/updates/ibbi-circular-interim-moratorium-personal-guarantors-ceased","IBBI clarification on the timeline and conditions under which the interim moratorium under Section 96 of the IBC ceases to operate for personal guarantors.","Insolvency and Bankruptcy Board of India (IBBI)","IBBI Circular IBBI/CIRP/PG/2026 / Section 96 IBC 2016","CONFIRMED ACCURATE (Verified)","Accurate statutory interpretation. Standardize schema logo URL across regulatory desks."
"https://www.corplawupdates.in/updates/rbi-sa-ccr-amendment-directions-counterparty-credit-risk-2026","RBI Standardised Approach for Counterparty Credit Risk (SA-CCR) Amendment Directions: new capital measurement framework effective 1 April 2027.","Reserve Bank of India (RBI)","RBI Press Release prid=63750 / Master Direction - Capital Adequacy Basel III","CONFIRMED ACCURATE (Verified)","Accurate. Clarify implementation timeline milestones for private vs public sector banks."
"https://www.corplawupdates.in/updates/rbi-cva-framework-directions-2026-ba-cva-alternate-treatment","RBI Credit Valuation Adjustment (CVA) Framework Directions 2026: Basic Approach (BA-CVA) and Alternate Treatment calculations for derivative portfolios.","Reserve Bank of India (RBI)","RBI Press Release PR12719B4332B36134434E9DEC287B78D0EF45.PDF","CONFIRMED ACCURATE (Verified)","Accurate mathematical formulation of supervisory risk weights and counterparty haircuts."
"https://www.corplawupdates.in/updates/how-to-file-a-trademark-in-india-a-practical-guide-for-startups","Trademark application filing procedure via Form TM-A under Trade Marks Act 1999; classification under Nice Agreement (Classes 1-45).","Controller General of Patents, Designs and Trade Marks (CGPDTM)","Trade Marks Act 1999 (Act No. 47 of 1999), Section 18; Trade Marks Rules 2017","SUBSTANTIALLY ACCURATE (Minor CMS Metadata Defect)","Legal text is accurate. However, database category column is NULL; update DB record category=""ipr"". Fix typo double-space in title (""Practical  Guide"")."
"https://www.corplawupdates.in/updates/cabinet-approves-10000-crore-sme-growth-fund-2026","Cabinet approval of ₹10,000 Crore SME Growth Fund for equity infusions into MSMEs via SIDBI/alternative investment funds.","Press Information Bureau (PIB) / Cabinet Committee on Economic Affairs","PIB Release PRID 2319534 dated October 2026","SUBSTANTIALLY ACCURATE (Minor CMS Metadata Defect)","Accurate economic facts. Database category is NULL; update DB record category=""msme"" to enable category aggregation."
"https://www.corplawupdates.in/tools/roc-tracker","Small company criteria: paid-up share capital does not exceed ₹4 Crore and turnover does not exceed ₹40 Crore (Section 2(85)); Whole-time CS mandatory if paid-up capital >= ₹10 Crore (Section 203 & Rule 8A).","Ministry of Corporate Affairs (MCA)","Companies Act 2013, Section 2(85) and Section 203; Companies (Appointment and Remuneration of Managerial Personnel) Rules 2014, Rule 8A","CONFIRMED ACCURATE (100% Verified Statutory Logic)","Calculation logic is perfectly compliant. Add HTML label and aria-label bindings to the 18 form toggle checkboxes."
"https://www.corplawupdates.in/tools/cin-decoder","21-digit Corporate Identification Number schema: Position 1 (Listing Status), 2-6 (NIC Code), 7-8 (State ROC), 9-12 (Year), 13-15 (Ownership), 16-21 (Registration Number).","Ministry of Corporate Affairs (MCA)","MCA21 System Architecture and Company Law CIN Coding Standard","CONFIRMED ACCURATE (100% Verified Regulatory Spec)","Decoding logic matches MCA official specification across all 28 states and Union Territories. Add accessible label to text input."
"https://www.corplawupdates.in/tools/fee-calculator","MCA statutory late fee slabs: delayed filing of normal ROC forms attracts escalating penalty slabs up to 12x or ₹100/day for specified financial filings under Section 403.","Ministry of Corporate Affairs (MCA)","Companies (Registration Offices and Fees) Rules 2014, Table of Fees & Section 403 Companies Act 2013","CONFIRMED ACCURATE (100% Tested with 133 Jest Test Cases)","Fee logic passes automated test suites. Add clear disclaimer on compounding court prosecution risks."